Taille,Temps_Liste,Temps_Hash
10,0.000003,0.000001
20,0.000004,0.000001
40,0.000008,0.000002
80,0.000023,0.000002
160,0.000070,0.000002
320,0.000297,0.000005
640,0.000965,0.000011
1280,0.004384,0.000032
2560,0.015663,0.000068
5120,0.073131,0.000181
10240,0.243925,0.000474
20480,0.972043,0.001434
40960,3.999521,0.004514
