Taille,Temps_Liste,Temps_Hash
10,0.001079,0.000769
20,0.000147,0.000009
40,0.000375,0.000014
80,0.001025,0.000024
160,0.003017,0.000108
320,0.008819,0.000221
640,0.030937,0.000356
1280,0.115397,0.000959
2560,0.473449,0.002185
5120,1.728041,0.004387
10240,6.787351,0.005072
20480,12.718595,0.013388
40960,51.057859,0.043834
