Taille,Temps_Liste,Temps_Hash
10,0.000008,0.000003
20,0.000008,0.000002
40,0.000021,0.000003
80,0.000056,0.000003
160,0.000178,0.000006
320,0.000660,0.000011
640,0.003026,0.000029
1280,0.009272,0.000050
2560,0.026546,0.000074
5120,0.060360,0.000118
10240,0.198936,0.000323
20480,0.797632,0.000924
40960,3.164565,0.003167
